Prefix,Basis,XC,Energy_original,Energy_deprotonated,E_proton (acidic),Weights,pka (acidic)
rep_of_cluster_1_aug-cc-pVDZ_M06-2X,aug-cc-pVDZ,M06-2X,-311215.217273,-310923.195369,-274.1307099999647,5.360088638457032e-05,22.10651210877417
rep_of_cluster_2_aug-cc-pVDZ_M06-2X,aug-cc-pVDZ,M06-2X,-311215.39183,-310918.463547,-279.03708899995746,7.197597483797857e-05,25.69896281256885
rep_of_cluster_3_aug-cc-pVDZ_M06-2X,aug-cc-pVDZ,M06-2X,-311221.040658,-310934.842457,-268.307006999992,0.9997507727691786,17.84239677219413
rep_of_cluster_4_aug-cc-pVDZ_M06-2X,aug-cc-pVDZ,M06-2X,-311215.204031,-310923.169301,-274.14353599995576,5.241560846180339e-05,22.115903305967606
rep_of_cluster_5_aug-cc-pVDZ_M06-2X,aug-cc-pVDZ,M06-2X,-311215.3857,-310918.441552,-279.0529539999805,7.123476113689649e-05,25.710579165585724
